"MLD","mbg_Moisture","mbg_Protein","mbg_Starch","mbg_n","nirs_MLD_OG_NIRS","nirs_MLD_PG_NIRS","nirs_MLD_SG_NIRS","nirs_n","delta_moisture","delta_protein","delta_starch","status"
"MLD_001",9.555,8.825,60.66,2,4.24016804888333,11.2173674503416,72.1054789224583,4,-5.31483195111667,2.39236745034165,11.4454789224583,"matched"
"MLD_002",9.5,10.335,62.69,2,4.11067168909167,11.3919952233417,71.569497617075,4,-5.38932831090833,1.05699522334165,8.879497617075,"matched"
"MLD_003",10.41,9.47,62.2,2,4.14566871520833,11.9193675915,71.7701975504583,4,-6.26433128479167,2.44936759149998,9.57019755045833,"matched"
"MLD_004",9.29,9.76,63.17,2,5.66217567525,11.995034003275,69.3910250982583,4,-3.62782432475,2.235034003275,6.22102509825832,"matched"
"MLD_005",10.71,11.07,62.2,2,3.59387952481667,13.1951923529584,71.3040163677,4,-7.11612047518333,2.12519235295835,9.1040163677,"matched"
"MLD_006",10.02,9.545,61.935,2,3.60572801025,12.0552349090416,71.7786540985833,4,-6.41427198975,2.51023490904165,9.84365409858331,"matched"
"MLD_007",9.495,10.095,63.23,2,3.89090909697778,12.2620646265889,71.3888927034333,4,-5.60409090302222,2.16706462658887,8.15889270343332,"matched"
"MLD_008",8.685,10.12,65.8,2,4.41506455735,12.3707697869417,70.2577705384,4,-4.26993544265,2.25076978694167,4.45777053840003,"matched"
"MLD_009",10.175,9.805,61.775,2,2.75865619711111,11.2129911317222,63.982615153,4,-7.41634380288889,1.40799113172223,2.207615153,"matched"
"MLD_010",9,10.005,63.18,2,4.712276415225,11.8658380667,70.8026927947167,4,-4.287723584775,1.8608380667,7.62269279471667,"matched"
"MLD_011",9.44,9.23,61.245,2,4.30576474271667,11.4470289548167,71.1389817556167,4,-5.13423525728333,2.21702895481667,9.89398175561669,"matched"
"MLD_012",10.1,9.845,63.755,2,4.48727121344167,12.335134577825,70.8134003957833,4,-5.61272878655833,2.490134577825,7.05840039578334,"matched"
"MLD_013",10.78,10.69,61.17,2,4.47891016805833,12.3200299421833,70.5959419250833,4,-6.30108983194167,1.63002994218335,9.42594192508332,"matched"
"MLD_014",10.795,10.085,61.025,2,3.86012953921667,12.31021591825,71.72229385385,4,-6.93487046078333,2.22521591825,10.69729385385,"matched"
"MLD_015",10.66,10.255,60.325,2,4.24807511433333,12.1538270315,71.4453811645555,4,-6.41192488566667,1.8988270315,11.1203811645555,"matched"
"MLD_016",9.92,11.035,60.945,2,4.58473259595833,12.5983233529417,70.0562337875833,4,-5.33526740404167,1.56332335294167,9.11123378758332,"matched"
"MLD_017",10.36,10.75,62.06,2,4.21651345489167,13.057147113525,70.6406513214167,4,-6.14348654510833,2.307147113525,8.58065132141667,"matched"
"MLD_018",10.16,9.8,62.765,2,4.293353593425,11.5990809758167,70.3265487035167,4,-5.866646406575,1.79908097581665,7.56154870351665,"matched"
"MLD_019",9.865,11.045,61.615,2,4.33040095370833,12.7155326207084,70.6524594625,4,-5.53459904629167,1.67053262070835,9.0374594625,"matched"
"MLD_020",10.08,10.36,59.11,2,3.94645040233333,12.5142602523334,71.0563675562083,4,-6.13354959766667,2.15426025233335,11.9463675562083,"matched"
"MLD_021",10.065,8.32,63.01,2,3.81637209063333,11.435903628775,72.3551109949167,4,-6.24862790936667,3.115903628775,9.34511099491668,"matched"
"MLD_022",9.525,9.885,61.785,2,4.09464653731667,12.0141528368167,71.7912764867583,4,-5.43035346268333,2.12915283681668,10.0062764867583,"matched"
"MLD_026",10.21,9.4,62.53,2,3.20427620805,12.3368373632417,72.20031204225,4,-7.00572379195,2.93683736324167,9.67031204225003,"matched"
"MLD_028",9.59,10.53,63.62,2,4.917148141125,12.2166603406167,70.5963225047083,4,-4.672851858875,1.68666034061667,6.97632250470832,"matched"
"MLD_029",9.125,11.605,61.215,2,4.80331330822222,12.7743147212222,69.9469748603333,4,-4.32168669177778,1.1693147212222,8.73197486033334,"matched"
"MLD_030",10.15,11.14,61.41,2,4.51587308445,11.7878559112583,70.0994962691833,4,-5.63412691555,0.647855911258326,8.68949626918334,"matched"
"MLD_031",9.785,10.215,62.3,2,5.09244842005556,11.6759182613333,69.9623625013889,4,-4.69255157994444,1.46091826133333,7.6623625013889,"matched"
"MLD_032",10.37,10.06,63.055,2,4.95436618325,12.145213063525,70.480068333925,4,-5.41563381675,2.085213063525,7.425068333925,"matched"
"MLD_033",11,9.875,61.94,2,4.31097813441667,11.556839346875,71.2863063812083,4,-6.68902186558333,1.68183934687502,9.34630638120834,"matched"
"MLD_034",10.235,9.945,62.07,2,4.97825315785556,12.0457157771,70.2667456733889,4,-5.25674684214444,2.1007157771,8.19674567338887,"matched"
"MLD_035",10.095,9.88,63.2,2,4.25867380695833,11.6109849215417,70.545157750375,4,-5.83632619304167,1.73098492154165,7.34515775037497,"matched"
"MLD_036",10.385,9.12,63.875,2,4.12072666491667,11.4357591071666,70.9733584722083,4,-6.26427333508333,2.31575910716665,7.09835847220835,"matched"
"MLD_037",10.505,9.695,62.465,2,4.97146916379167,11.6412443716667,70.6367635727084,4,-5.53353083620833,1.94624437166667,8.17176357270836,"matched"
"MLD_039",10.41,9.95,61.57,2,4.24675848755556,11.543905682,71.1018392774444,4,-6.16324151244444,1.59390568200002,9.53183927744444,"matched"
"MLD_040",10.76,10.49,61.61,2,4.45829843085,11.5258561133917,70.7485904693833,4,-6.30170156915,1.03585611339168,9.13859046938333,"matched"
"MLD_041",9.945,10.295,62.39,2,4.0746864677,12.330227470425,71.2376292546834,4,-5.8703135323,2.035227470425,8.84762925468335,"matched"
"MLD_042",10.48,10.665,63.27,2,4.98284782966667,12.5137242079167,70.0721867879583,4,-5.49715217033333,1.84872420791667,6.80218678795835,"matched"
"MLD_043",9.455,10.925,62.57,2,5.061733635325,13.25134540395,69.4645643233917,4,-4.393266364675,2.32634540395,6.89456432339167,"matched"
"MLD_044",10.79,10.545,62.7,2,4.68679789695834,12.4717025756667,70.4206679662083,4,-6.10320210304166,1.92670257566668,7.72066796620834,"matched"
"MLD_045",9.7,10.47,61.935,2,5.549754798375,12.12529643375,70.020419756625,4,-4.150245201625,1.65529643375003,8.08541975662503,"matched"
"MLD_046",9.645,10.165,62.55,2,5.20470887823333,11.3684027777556,70.8143954806667,4,-4.44029112176667,1.20340277775557,8.26439548066666,"matched"
"MLD_047",9.875,9.335,64.005,2,4.39107142883334,11.5119211277083,71.0095831554167,4,-5.48392857116666,2.17692112770835,7.00458315541668,"matched"
"MLD_048",10.045,11.155,62.34,2,4.91134883965833,13.006703201975,69.6678120931083,4,-5.13365116034167,1.851703201975,7.32781209310832,"matched"
"MLD_049",9.78,10.265,63.105,2,5.25489447520833,11.9063280423333,70.1016626358333,4,-4.52510552479167,1.6413280423333,6.99666263583332,"matched"
"MLD_050",9.47,10.48,62.665,2,4.94517264355,11.6415225902583,70.7379566828667,4,-4.52482735645,1.16152259025833,8.07295668286665,"matched"
"MLD_051",9.655,10.41,63.7,2,5.27635886266667,11.922924002125,70.401420275375,4,-4.37864113733333,1.512924002125,6.701420275375,"matched"
"MLD_052",9.535,10.275,60.77,2,5.10945014955556,10.2227904742222,69.9036081525111,4,-4.42554985044444,-0.0522095257777746,9.1336081525111,"matched"
"MLD_053",10.47,9.67,61.815,2,5.01754629614167,11.48884762125,70.5239876429167,4,-5.45245370385833,1.81884762125,8.70898764291668,"matched"
"MLD_054",9.155,10.25,60.91,2,4.82703781127778,10.0319424205,70.6076162126667,4,-4.32796218872222,-0.2180575795,9.69761621266667,"matched"
"MLD_056",11.08,10.43,61.02,2,3.95469367304166,11.9342228809667,70.588791910825,4,-7.12530632695834,1.50422288096665,9.56879191082499,"matched"
"MLD_057",9.73,9.91,62.665,2,4.1419563114,11.3150996924083,71.3193579991917,4,-5.5880436886,1.40509969240835,8.65435799919165,"matched"
"MLD_059",10.64,9.96,62.825,2,4.420704174025,11.241028523425,70.8575030008917,4,-6.219295825975,1.281028523425,8.03250300089165,"matched"
"MLD_060",9.895,9.61,64.465,2,3.91113660865556,12.3157635795333,71.5372917177111,4,-5.98386339134444,2.70576357953333,7.0722917177111,"matched"
"MLD_063",10.555,8.28,62.435,2,4.16074017685833,11.0921720663417,71.7047263463083,4,-6.39425982314166,2.81217206634167,9.26972634630835,"matched"
"MLD_064",10.485,9.935,62.675,2,4.62001053095833,12.4958494027083,70.2857075372833,4,-5.86498946904167,2.56084940270833,7.61070753728335,"matched"
"MLD_066",9.285,10.32,62.8,2,4.61898764761667,12.1480013688333,70.1139163335583,4,-4.66601235238333,1.82800136883332,7.31391633355832,"matched"
"MLD_067",9.57,11.15,62.445,2,4.73060474799167,14.133542553625,69.3273687362,4,-4.83939525200833,2.983542553625,6.8823687362,"matched"
"MLD_068",10.4,9.42,63.825,2,3.90853576061667,12.5985850811667,71.0402487438083,4,-6.49146423938333,3.17858508116668,7.21524874380832,"matched"
"MLD_069",10.78,9.12,64.21,2,3.87170579705555,12.4552727803889,71.7552799647778,4,-6.90829420294445,3.33527278038887,7.54527996477779,"matched"
"MLD_070",10.39,8.48,63.085,2,4.30368372196667,12.4517590125833,71.4190542220417,4,-6.08631627803334,3.97175901258332,8.33405422204167,"matched"
"MLD_071",10.56,10.155,62.645,2,4.94568885955833,11.8550287405334,70.11215025585,4,-5.61431114044167,1.70002874053335,7.46715025585,"matched"
"MLD_073",10.6,10.155,63.135,2,4.49504643679167,12.3151875734167,71.0758050283333,4,-6.10495356320833,2.16018757341667,7.94080502833329,"matched"
"MLD_074",10.765,9.15,61.63,2,4.083107362125,12.0354148149583,71.3826487859583,4,-6.681892637875,2.88541481495832,9.75264878595833,"matched"
"MLD_075",10.545,9.48,62.92,2,5.10096033009166,11.276554878475,70.645816040075,4,-5.44403966990834,1.79655487847499,7.725816040075,"matched"
"MLD_076",11.33,8.56,61.045,2,3.41141736504445,11.7458826700889,72.2451226128,4,-7.91858263495555,3.1858826700889,11.2001226128,"matched"
"MLD_079",10.135,8.025,63.57,2,4.11972521745833,11.3741840123333,71.8486064275,4,-6.01527478254167,3.34918401233332,8.2786064275,"matched"
"MLD_080",10.94,9.425,62.545,2,3.77550900776667,11.692463032475,71.3094548542667,4,-7.16449099223333,2.267463032475,8.76445485426667,"matched"
"MLD_081",10.48,11.065,62.065,2,4.05581611801111,13.4846920754778,70.1326304964778,4,-6.42418388198889,2.41969207547777,8.06763049647778,"matched"
"MLD_082",10.46,8.59,63.485,2,3.84205501280833,11.2812134345334,71.865608278975,4,-6.61794498719167,2.69121343453335,8.380608278975,"matched"
"MLD_083",10.635,8.18,63.225,2,3.91637751855833,11.4589247863,71.7400540670583,4,-6.71862248144167,3.2789247863,8.51505406705833,"matched"
"MLD_085",9.405,7.225,67.2,2,5.05021648800833,9.96994944422501,72.6580275218333,4,-4.35478351199167,2.74494944422501,5.45802752183334,"matched"
"MLD_086",9.325,9.365,62.615,2,3.79961273075,12.7528935274083,71.3362287521917,4,-5.52538726925,3.38789352740833,8.72122875219166,"matched"
"MLD_087",10.5,9.465,63.625,2,4.2889161905,10.754356808,71.7685597737778,4,-6.2110838095,1.28935680799998,8.14355977377777,"matched"
"MLD_088",9.28,10.44,63.465,2,4.89258599275,12.6505038341667,70.0942490895417,4,-4.38741400725,2.21050383416667,6.62924908954167,"matched"
"MLD_089",10.23,8.31,65.1,2,3.46858103075,10.420365731,72.8398278555417,4,-6.76141896925,2.11036573100002,7.73982785554168,"matched"
"MLD_090",10.855,9.84,62.325,2,3.919007798,12.2391067742916,71.1076447167917,4,-6.935992202,2.39910677429165,8.78264471679168,"matched"
"MLD_094",9.545,9.805,63.84,2,4.67700859301667,12.2234183471083,71.1195807775333,4,-4.86799140698333,2.41841834710833,7.27958077753331,"matched"
"MLD_095",9.56,9.33,62.41,2,4.092955323075,11.97165308795,71.15616493225,4,-5.467044676925,2.64165308795,8.74616493225,"matched"
"MLD_096",10.335,8.59,61.285,2,3.767764687625,11.8659401417417,71.4439706803083,4,-6.567235312375,3.27594014174167,10.1589706803083,"matched"
"MLD_097",9.555,10.14,62.32,2,4.14168045321667,13.5909341733333,70.3408265432083,4,-5.41331954678333,3.45093417333332,8.02082654320832,"matched"
"MLD_098",10.76,9.86,62.065,2,4.400769841675,10.8794377566167,71.3231896083083,4,-6.359230158325,1.01943775661668,9.25818960830833,"matched"
"MLD_099",10.365,9.975,61.475,2,3.80369181433333,11.3343266645834,71.593991279625,4,-6.56130818566666,1.35932666458335,10.118991279625,"matched"
"MLD_100",10.64,10.07,62.825,2,5.54055078805556,11.4071320427778,69.7298787433889,4,-5.09944921194444,1.33713204277777,6.90487874338889,"matched"
"MLD_101",10.97,10.32,61.45,2,3.72815171484167,12.7018611669,71.3917639415833,4,-7.24184828515833,2.3818611669,9.94176394158332,"matched"
"MLD_102",10.2,10.86,51.85,2,6.66531079598333,10.816677133275,70.881723340325,4,-3.53468920401667,-0.0433228667249992,19.031723340325,"matched"
"MLD_104",9.455,9.245,61.66,2,4.07562473816667,11.431679550875,71.6193468093583,4,-5.37937526183333,2.186679550875,9.95934680935832,"matched"
"MLD_105",10.975,10.445,62.14,2,4.4569478054,12.8123363416083,69.9629256565834,4,-6.5180521946,2.36733634160833,7.82292565658335,"matched"
"MLD_106",10.03,10.26,61.06,2,4.63419594375,13.7223914066667,69.8013928730834,4,-5.39580405625,3.46239140666667,8.74139287308336,"matched"
"MLD_107",9.035,11.135,62.135,2,4.95930791701667,12.914998499525,69.252071444225,4,-4.07569208298333,1.779998499525,7.11707144422499,"matched"
"MLD_108",10.305,9.58,62.33,2,4.654371929175,10.7965002377583,70.8796689986417,4,-5.650628070825,1.21650023775832,8.54966899864168,"matched"
"MLD_109",10.34,10.17,62.225,2,4.30711280905833,12.43930869095,70.3502023696,4,-6.03288719094167,2.26930869095,8.1252023696,"matched"
"MLD_110",10.135,10.715,60.91,2,4.13232967453333,12.0080597877417,70.9479829787833,4,-6.00267032546667,1.29305978774168,10.0379829787833,"matched"
"MLD_111",10.45,9.59,61.985,2,4.102749168875,12.887902379,70.4034935634167,4,-6.347250831125,3.297902379,8.41849356341667,"matched"
"MLD_112",10.53,9.45,62.18,2,3.978202750375,12.115717132875,71.2827599843334,4,-6.551797249625,2.66571713287498,9.10275998433335,"matched"
"MLD_113",10.16,10.15,60.275,2,4.02064727729167,12.1131601730833,71.1170733769583,4,-6.13935272270833,1.96316017308333,10.8420733769583,"matched"
"MLD_115",9.41,9.265,61.97,2,4.1652657985,11.16149695725,72.1916542054167,3,-5.2447342015,1.89649695725,10.2216542054167,"matched"
"MLD_116",10.165,11.695,60.63,2,4.28921419379167,13.5017540057917,69.8126993179166,4,-5.87578580620833,1.80675400579167,9.18269931791664,"matched"
"MLD_117",10.785,8.44,62.705,2,3.74809593622222,11.2270548608333,72.0165193346667,4,-7.03690406377778,2.78705486083333,9.31151933466667,"matched"
"MLD_118",11.19,8.8,63.105,2,3.91434413848889,10.9517815482889,71.3461390178556,4,-7.27565586151111,2.15178154828887,8.24113901785556,"matched"
"MLD_119",10.75,9.35,62.525,2,3.96611430254166,11.1837217012916,70.8427429199583,4,-6.78388569745834,1.83372170129165,8.31774291995833,"matched"
"MLD_120",10.09,9.515,62.495,2,3.74412665360833,11.5385143041667,71.8695727666,4,-6.34587334639167,2.02351430416667,9.3745727666,"matched"
"MLD_121",10.215,10.32,62.13,2,4.75986491455834,13.0037217855,70.195262972525,4,-5.45513508544166,2.6837217855,8.065262972525,"matched"
"MLD_122",9.27,11.61,61.795,2,4.47683603769167,11.7586421966,70.3784832637333,4,-4.79316396230833,0.148642196600026,8.58348326373333,"matched"
"MLD_123",10.355,11.7,60.62,2,4.30732926725,12.1601689656666,70.5899550119583,4,-6.04767073275,0.46016896566665,9.96995501195833,"matched"
"MLD_125",10.46,9.65,62.515,2,4.07457949916667,11.3911710182417,71.5131903329666,4,-6.38542050083334,1.74117101824167,8.99819033296664,"matched"
"MLD_126",8.94,9.595,60.38,2,4.45405258077778,10.6419313217222,71.8961639404444,4,-4.48594741922222,1.0469313217222,11.5161639404444,"matched"
"MLD_127",10.355,9.94,64.18,2,4.47923101581667,11.3943089882167,71.0753107068917,4,-5.87576898418333,1.45430898821665,6.89531070689168,"matched"
"MLD_128",10.175,10.36,59.375,2,4.47237602870833,12.688047305625,70.0466956456667,4,-5.70262397129167,2.328047305625,10.6716956456667,"matched"
"MLD_129",10.65,9.455,63.53,2,3.84381693209166,11.6160523493417,71.521690495875,4,-6.80618306790833,2.16105234934168,7.99169049587499,"matched"
"MLD_130",10.79,10.1,63.47,2,4.92187819081667,13.41283869735,69.7731023788417,4,-5.86812180918333,3.31283869735,6.30310237884167,"matched"
"MLD_131",8.56,10.5,60.44,2,3.9685057421,11.0442334891333,72.1050610861083,4,-4.5914942579,0.544233489133333,11.6650610861083,"matched"
"MLD_132",10.665,10.19,61.86,2,4.023884882625,12.159178853,70.9396387735,4,-6.641115117375,1.96917885299997,9.07963877349998,"matched"
"MLD_133",9.8,10.425,62.54,2,3.82255376580834,12.961464405,70.6746445338917,4,-5.97744623419167,2.536464405,8.13464453389168,"matched"
"MLD_134",9.57,10.39,63.32,2,4.63785072166667,12.09321618075,71.2506904602917,4,-4.93214927833333,1.70321618075,7.93069046029168,"matched"
"MLD_135",10.29,10.365,62.71,2,4.59375437104167,12.6475940943333,70.386544863375,4,-5.69624562895833,2.28259409433332,7.67654486337502,"matched"
"MLD_137",9.875,10.005,61.11,2,4.12688718234167,11.9267264525167,70.9744544347583,4,-5.74811281765833,1.92172645251668,9.86445443475831,"matched"
"MLD_139",9.925,10.655,61.325,2,4.8876965762,12.5924782752333,70.2753543218917,4,-5.0373034238,1.93747827523332,8.95035432189165,"matched"
"MLD_140",9.52,9.34,59.16,2,3.923031153225,10.7473106623917,70.6528989156,4,-5.596968846775,1.40731066239167,11.4928989156,"matched"
"MLD_142",10.69,10.07,61.38,2,4.18768877779167,12.1773098786333,70.5008047739,4,-6.50231122220833,2.10730987863333,9.12080477389998,"matched"
"MLD_145",9.185,9.965,61.96,2,4.61839340321667,11.4034664392833,70.9390207290667,4,-4.56660659678333,1.43846643928332,8.97902072906668,"matched"
"MLD_146",9.255,10.345,62.35,2,4.09353332929167,10.9538870096833,71.2339075724,4,-5.16146667070833,0.608887009683325,8.88390757240001,"matched"
"MLD_147",10.17,10.25,61.745,2,4.26878021832222,11.4381063354,71.1093521965444,4,-5.90121978167778,1.18810633540001,9.36435219654443,"matched"
"MLD_149",10.66,11.55,60.885,2,4.83442107844167,11.950924269325,70.3363777160833,4,-5.82557892155833,0.400924269324975,9.45137771608332,"matched"
"MLD_150",9.675,9.24,61.195,2,4.23046429355,12.1403797148834,71.4531610489083,4,-5.44453570645,2.90037971488335,10.2581610489083,"matched"
"MLD_151",12.07,7.36,51.635,2,7.53676740321666,9.73908592068333,71.294525019325,4,-4.53323259678334,2.37908592068333,19.659525019325,"matched"
"MLD_152",9.305,9.585,57.52,2,4.28364981214166,12.1173019568583,70.5050971984,4,-5.02135018785834,2.53230195685832,12.9850971984,"matched"
"MLD_154",9.365,10.675,63.34,2,4.96833984846667,13.5738813955333,69.5094753900083,4,-4.39666015153334,2.89888139553332,6.16947539000833,"matched"
"MLD_156",10.195,10.75,49.91,2,3.878574109,12.3271879197,71.79192276,4,-6.316425891,1.5771879197,21.88192276,"matched"
"MLD_157",10.69,8.9,64.5,2,5.06725935141667,12.4815250634583,70.2756344477083,4,-5.62274064858333,3.58152506345832,5.77563444770833,"matched"
"MLD_158",8.935,10.145,63.57,2,5.12691201758333,12.7879991134166,70.0429121653333,4,-3.80808798241667,2.64299911341665,6.47291216533332,"matched"
"MLD_159",9.365,9.585,63.39,2,4.54884465541666,10.803920745875,73.324960708625,4,-4.81615534458334,1.218920745875,9.934960708625,"matched"
"MLD_161",9.35,10.38,62.86,2,4.662648213025,12.2029510498333,69.899094136575,4,-4.687351786975,1.82295104983332,7.039094136575,"matched"
"MLD_162",10.51,9.17,62.835,2,4.64537127282222,10.5370958114889,72.2621081881889,4,-5.86462872717778,1.36709581148889,9.4271081881889,"matched"
"MLD_163",9.225,11.855,62.02,2,5.03943940000834,14.4874062538667,68.89175249735,4,-4.18556059999167,2.63240625386665,6.87175249735,"matched"
"MLD_164",9.445,10.645,62.4,2,4.18728580276666,12.5152689775083,70.5477547963,4,-5.25771419723334,1.87026897750833,8.1477547963,"matched"
"MLD_165",9.345,8.18,62.785,2,4.33736803135,11.181910570375,71.3440126418333,4,-5.00763196865,3.001910570375,8.55901264183335,"matched"
"MLD_166",9.78,9.695,62.945,2,3.91282338895833,12.4255895615833,71.4852081934167,4,-5.86717661104167,2.73058956158333,8.54020819341665,"matched"
"MLD_167",10.195,9.375,61.55,2,4.14970919283333,10.9066432422333,71.1345981173556,4,-6.04529080716667,1.53164324223333,9.58459811735557,"matched"
"MLD_168",10.57,9.015,63.53,2,4.08502712241667,11.8769109407667,70.7412171045583,4,-6.48497287758333,2.86191094076665,7.21121710455833,"matched"
"MLD_169",9.605,9.76,63.68,2,4.0891079559,11.7284926520889,71.4101928711444,4,-5.5158920441,1.9684926520889,7.73019287114442,"matched"
"MLD_170",10.19,9.495,59.96,2,4.43662400646667,11.2090221644167,70.4497373580417,4,-5.75337599353333,1.71402216441667,10.4897373580417,"matched"
"MLD_171",9.815,9.445,63.965,2,3.694586302825,11.3524529535917,71.5281189601,4,-6.120413697175,1.90745295359167,7.56311896010001,"matched"
"MLD_172",10.265,8.785,63.805,2,4.20412800906666,11.0528831800083,71.0689903259083,4,-6.06087199093334,2.26788318000833,7.26399032590835,"matched"
"MLD_173",9.93,9.665,63.48,2,4.36061422016667,11.5496623118333,71.0091323852083,4,-5.56938577983333,1.88466231183333,7.52913238520831,"matched"
"MLD_174",9.7,8.08,63.95,2,3.89781957269167,10.4505692005167,72.3688269297667,4,-5.80218042730833,2.37056920051667,8.41882692976667,"matched"
"MLD_175",10.155,9.375,63.66,2,4.26818473340833,11.087076664025,71.4605736414584,4,-5.88681526659167,1.71207666402502,7.80057364145836,"matched"
"MLD_176",10.435,10.835,61.44,2,3.97602683972222,11.5465712547222,71.6633461845555,4,-6.45897316027778,0.711571254722234,10.2233461845555,"matched"
"MLD_177",10.145,9.91,62.9,2,4.70669837804166,11.61600399025,70.5277150473333,4,-5.43830162195833,1.70600399025,7.62771504733334,"matched"
"MLD_178",,,,2,,,,4,,,,"matched"
"MLD_179",9.14,10.925,62.895,2,3.2263981184,12.5437028884667,72.2912775676667,4,-5.9136018816,1.61870288846667,9.39627756766667,"matched"
"MLD_180",8.965,9.36,64.165,2,4.93751372895833,11.849460879875,70.4778887430416,4,-4.02748627104167,2.489460879875,6.31288874304165,"matched"
"MLD_181",10.73,10.07,61.855,2,4.30432276924167,10.61594597505,71.4588039398,4,-6.42567723075833,0.545945975050007,9.6038039398,"matched"
"MLD_182",10.7,9.1,62.575,2,4.26163283977778,9.41351392533334,72.4434259203333,4,-6.43836716022222,0.313513925333343,9.86842592033334,"matched"
"MLD_183",12.75,9.3,57.32,2,6.01135027416666,11.6219851970834,70.3419329325,4,-6.73864972583334,2.32198519708335,13.0219329325,"matched"
"MLD_184",9.985,9.985,62.06,2,4.79326185121111,10.3523724131333,72.2147577922111,4,-5.19173814878889,0.367372413133333,10.1547577922111,"matched"
"MLD_185",10.465,8.935,62.3,2,4.67000315590833,10.5227347532667,70.9985382078917,4,-5.79499684409167,1.58773475326668,8.69853820789167,"matched"
"MLD_186",10.06,11.225,62.905,2,4.66816021595833,13.0947487513,69.702840741475,4,-5.39183978404167,1.8697487513,6.797840741475,"matched"
"MLD_187",10.465,10.065,62.005,2,4.41578180590833,12.1560579379417,70.8276131311333,4,-6.04921819409167,2.09105793794167,8.82261313113332,"matched"
"MLD_188",10.495,9.665,65.255,2,4.022293192075,11.3723956823417,71.8123234431667,4,-6.472706807925,1.70739568234168,6.55732344316668,"matched"
"MLD_189",9.63,8.805,64.945,2,3.76586852466667,11.3208772341667,72.1124439240417,4,-5.86413147533333,2.51587723416668,7.16744392404166,"matched"
"MLD_190",10.52,10.88,61.96,2,4.878750224875,12.7612496614166,70.122234980375,4,-5.641249775125,1.88124966141665,8.16223498037503,"matched"
"MLD_191",10.585,9.56,64.705,2,4.042898335175,12.2306090514417,71.7912169774417,4,-6.542101664825,2.67060905144165,7.08621697744168,"matched"
"MLD_192",10.505,10.32,59.14,2,4.18618507195833,12.4635382095417,70.289788881875,4,-6.31881492804166,2.14353820954167,11.149788881875,"matched"
"MLD_193",9.385,10.435,63.285,2,4.27791373334166,11.7767575583417,71.4869354883583,4,-5.10708626665834,1.34175755834167,8.20193548835833,"matched"
"MLD_194",10.65,9.54,61.68,2,3.56556314029167,11.7666613340167,71.5199837366916,4,-7.08443685970833,2.22666133401668,9.83998373669164,"matched"
"MLD_195",9.94,9.78,62.995,2,4.62950272033333,11.9919216896667,70.5639606051667,4,-5.31049727966667,2.21192168966667,7.56896060516667,"matched"
"MLD_196",10.395,10.405,61.41,2,4.540539582625,11.81805042425,70.2541847229167,4,-5.854460417375,1.41305042425,8.84418472291668,"matched"
"MLD_197",9.875,10.645,63.055,2,5.01230308610833,13.6962558588,69.321663093675,4,-4.86269691389167,3.05125585879998,6.266663093675,"matched"
"MLD_198",11.155,11.245,61.235,2,4.4727299332,13.4003343104167,70.4138273239583,4,-6.6822700668,2.15533431041668,9.17882732395832,"matched"
"MLD_199",8.57,9.995,60.235,2,5.87069642545833,12.4542552630834,71.7160987855,4,-2.69930357454167,2.45925526308335,11.4810987855,"matched"
"MLD_200",10.84,8.055,63.88,2,4.41746402580833,10.2214366674333,71.6286253610917,4,-6.42253597419167,2.16643666743333,7.74862536109168,"matched"
"MLD_201",10.38,9.85,63.56,2,4.31557869505833,12.4250383933917,70.6223403930667,4,-6.06442130494166,2.57503839339167,7.06234039306668,"matched"
"MLD_202",9.53,10.695,62.635,2,4.03945447600834,11.8935795068,70.8891934076917,4,-5.49054552399166,1.1985795068,8.25419340769168,"matched"
"MLD_203",10.605,8.75,62.17,2,4.16447644235,11.2537219842083,71.37895895635,4,-6.44052355765,2.50372198420833,9.20895895635,"matched"
"MLD_204",10.43,8.18,62.205,2,4.10790082086667,10.2118449422778,71.6160257128222,4,-6.32209917913333,2.03184494227779,9.41102571282224,"matched"
"MLD_205",9.745,8.27,63.77,2,4.39711411791667,10.4677019913333,71.5480709074583,4,-5.34788588208333,2.19770199133333,7.77807090745832,"matched"
"MLD_206",9.5,10.61,61.9,2,3.65587961671666,13.21999020565,71.70155309035,4,-5.84412038328334,2.60999020565,9.80155309035,"matched"
"MLD_207",10.03,9.935,62.295,2,4.06963863638889,11.4361510807222,71.3913124932222,4,-5.96036136361111,1.5011510807222,9.09631249322223,"matched"
"MLD_208",9.82,9.495,57.005,2,4.13588141066667,11.2112365828333,71.2315067715556,4,-5.68411858933333,1.71623658283333,14.2265067715556,"matched"
"MLD_209",10.56,10.085,59.945,2,3.84549760431667,12.332510828875,70.4736047744333,4,-6.71450239568333,2.247510828875,10.5286047744333,"matched"
"MLD_210",10.545,8.815,63.645,2,3.486245185125,10.7908225853333,72.827547073375,4,-7.058754814875,1.97582258533332,9.18254707337501,"matched"
"MLD_211",9.615,11.345,60.42,2,4.35478434966667,12.4665571848333,70.9350592295417,4,-5.26021565033333,1.12155718483333,10.5150592295416,"matched"
"MLD_212",9.7,9.625,63.24,2,3.97660597158333,12.1230742534583,71.095962206625,4,-5.72339402841666,2.49807425345832,7.85596220662499,"matched"
"MLD_213",10.675,10.075,62.175,2,4.14608515644444,12.2010077369333,71.4320176018889,3,-6.52891484355556,2.12600773693334,9.25701760188888,"matched"
"MLD_214",10.45,10.36,61.745,2,4.50253625711111,12.0490154158889,71.6048172843889,4,-5.94746374288889,1.6890154158889,9.8598172843889,"matched"
"MLD_215",9.355,8.955,62.565,2,4.545914721525,11.508105977425,70.8559531530917,4,-4.809085278475,2.553105977425,8.29095315309168,"matched"
"MLD_216",9.48,9.755,62.4,2,3.86536616489167,11.7355434100167,71.1005968094083,4,-5.61463383510833,1.98054341001668,8.70059680940833,"matched"
"MLD_218",9.87,11.035,62.46,2,4.355526812875,12.8788194099917,70.423677953075,4,-5.514473187125,1.84381940999167,7.96367795307501,"matched"
"MLD_219",10.62,9.785,61.44,2,4.418157235725,12.0212067364917,70.7924197515417,4,-6.201842764275,2.23620673649167,9.35241975154167,"matched"
"MLD_220",9.945,9.785,60.49,2,4.20680795108334,12.6213368177083,70.9745779036667,4,-5.73819204891667,2.8363368177083,10.4845779036667,"matched"
"MLD_221",10.14,9.53,61.8,2,3.78320611578889,12.0023332279,71.3173063489889,4,-6.35679388421111,2.4723332279,9.5173063489889,"matched"
"MLD_222",10.315,10.65,62.075,2,4.6793128847,12.9912048738083,70.1025588353,4,-5.6356871153,2.34120487380835,8.0275588353,"matched"
"MLD_223",10.37,10.225,63.485,2,4.60224161145555,11.3877022849111,70.8937770419444,4,-5.76775838854445,1.16270228491113,7.40877704194443,"matched"
"MLD_224",10.64,9.805,61.33,2,4.106993615625,11.894667029375,71.1449314754167,4,-6.533006384375,2.089667029375,9.81493147541669,"matched"
"MLD_225",10.31,10.685,62.14,2,4.58468162016666,11.7024677196667,71.5926669439167,4,-5.72531837983333,1.01746771966665,9.45266694391667,"matched"
"MLD_226",10.175,11.055,60.99,2,4.43970481550834,12.2772796869333,70.5020595551083,4,-5.73529518449167,1.22227968693335,9.51205955510834,"matched"
"MLD_227",10.81,9.96,62.15,2,3.96690270308333,12.299343109,70.7523326873334,4,-6.84309729691666,2.339343109,8.60233268733335,"matched"
"MLD_228",10.775,9.59,62.75,2,4.15104853120834,11.82514560225,71.4130563735417,4,-6.62395146879166,2.23514560225,8.66305637354168,"matched"
"MLD_229",9.84,10.27,61.56,2,4.00087619816667,12.305545648,70.5571559269167,4,-5.83912380183333,2.035545648,8.99715592691668,"matched"
"MLD_230",10.16,9.54,63.185,2,4.21613631441666,11.366237362225,71.42886772155,4,-5.94386368558334,1.826237362225,8.24386772155,"matched"
"MLD_231",10.605,9.725,62.135,2,4.39586341383333,11.2327239910834,71.5906896591667,4,-6.20913658616667,1.50772399108335,9.45568965916667,"matched"
"MLD_232",9.895,10.105,62.035,2,4.58039551970834,12.24407394725,70.3221737544583,4,-5.31460448029166,2.13907394725003,8.28717375445834,"matched"
"MLD_233",10.505,10.845,60.785,2,4.430450985875,12.0840330919584,70.55902640025,4,-6.074549014125,1.23903309195835,9.77402640025001,"matched"
"MLD_236",11.365,9.23,60.705,2,3.90379395091666,11.5825559695833,71.365468343125,4,-7.46120604908334,2.35255596958335,10.660468343125,"matched"
"MLD_237",9.325,10.73,63.01,2,5.33658214416667,11.947635809625,70.3897949854583,4,-3.98841785583333,1.217635809625,7.37979498545832,"matched"
"MLD_238",10.46,10.315,62.675,2,4.190438973875,12.6856878041666,70.1608088175417,4,-6.269561026125,2.37068780416665,7.48580881754167,"matched"
"MLD_239",10.195,10.23,63.26,2,5.15406421033333,13.1725209129778,68.8739637161778,4,-5.04093578966667,2.94252091297777,5.6139637161778,"matched"
"MLD_240",10.835,10.225,62.755,2,4.24694214258333,12.3136032025833,71.3062070210833,4,-6.58805785741667,2.08860320258332,8.55120702108334,"matched"
"MLD_241",9.285,10.02,63.805,2,4.25981642145556,12.9001239246778,70.9531907823,4,-5.02518357854444,2.8801239246778,7.14819078229999,"matched"
"MLD_242",10.56,10.485,61.685,2,4.28213395,11.9696999656111,71.3646939596667,4,-6.27786605,1.48469996561114,9.67969395966669,"matched"
"MLD_243",10.245,10.495,62.28,2,4.57518170279167,12.7958398660833,70.4670728047917,4,-5.66981829720833,2.30083986608335,8.18707280479165,"matched"
"MLD_244",10.71,10.32,63,2,3.879777093775,11.8599186817166,72.27913951885,4,-6.830222906225,1.53991868171665,9.27913951885,"matched"
"MLD_245",9.405,9.235,62.645,2,3.55371827084167,11.615202895625,72.198766390475,4,-5.85128172915833,2.380202895625,9.553766390475,"matched"
"MLD_246",10.27,9.91,61.555,2,4.00059893733333,11.7915930749167,70.8410310745,4,-6.26940106266666,1.88159307491665,9.28603107449998,"matched"
"MLD_247",10.365,9.945,61.46,2,4.56619542841667,11.71353964815,71.3996618907083,4,-5.79880457158333,1.76853964815,9.93966189070833,"matched"
"MLD_248",9.63,10.625,62.545,2,5.10220519699167,13.3019229173666,69.8740500132833,4,-4.52779480300833,2.67692291736665,7.32905001328332,"matched"
"MLD_249",9.8,9.135,62.375,2,4.19251258179166,12.19717717175,70.9679927827083,4,-5.60748741820834,3.06217717175,8.59299278270832,"matched"
"MLD_250",11.59,11.12,55.6,2,4.2258685748,13.6489776610667,70.0200419108667,4,-7.3641314252,2.52897766106667,14.4200419108667,"matched"
"MLD_251",10.365,9.64,62.355,2,3.87807247041667,12.28268929325,71.0822861989166,4,-6.48692752958333,2.64268929325002,8.72728619891664,"matched"
"MLD_252",10.855,8.895,62.27,2,3.91783247789167,12.7451270739083,70.7249101002333,4,-6.93716752210833,3.85012707390833,8.45491010023333,"matched"
"MLD_253",10.07,7.725,59.48,2,4.15165608444444,12.1127466625556,71.3231107923889,4,-5.91834391555556,4.38774666255557,11.8431107923889,"matched"
"MLD_254",10.385,9.865,62.78,2,3.898681797525,12.1753030777083,70.9352818806667,4,-6.486318202475,2.31030307770833,8.15528188066665,"matched"
"MLD_255",9.225,11.12,61.465,2,4.10596176395,13.6829319954,70.6702861786,4,-5.11903823605,2.5629319954,9.20528617859999,"matched"
"MLD_256",9.975,9.43,62.975,2,4.23892298158334,11.30646286005,71.3607999167166,4,-5.73607701841667,1.87646286005,8.38579991671665,"matched"
"MLD_257",9.665,9.19,63.695,2,4.81987504955,11.5365269184,71.6980175019,4,-4.84512495045,2.3465269184,8.00301750189999,"matched"
"MLD_259",10.13,8.805,61.83,2,3.9342733225,11.7162204583333,71.2042798995,4,-6.1957266775,2.91122045833333,9.3742798995,"matched"
"MLD_260",10.52,9.33,62.355,2,4.39900774427778,12.7876010471667,70.5570089552222,4,-6.12099225572222,3.45760104716667,8.20200895522223,"matched"
"MLD_261",10.31,10.43,62.27,2,4.60736815145833,11.5822876294583,71.30361207325,4,-5.70263184854166,1.15228762945835,9.03361207325001,"matched"
"MLD_262",9.38,10.58,61.905,2,5.05973296949167,12.1339135090417,69.8322404861417,4,-4.32026703050833,1.55391350904168,7.92724048614167,"matched"
"MLD_263",10.95,9.505,61.66,2,3.67737022436667,11.9602828581334,72.3764359157083,4,-7.27262977563333,2.45528285813335,10.7164359157083,"matched"
"MLD_264",9.405,10,63.365,2,4.66945006445833,11.8333972294583,70.541967709875,4,-4.73554993554166,1.83339722945832,7.17696770987499,"matched"
"MLD_265",10.715,8.655,62.915,2,3.86201775075,11.3590828577083,71.72168016425,4,-6.85298224925,2.7040828577083,8.80668016424998,"matched"
"MLD_266",10.375,10.125,61.42,2,4.38001697852222,11.8001533190667,71.8032111274111,4,-5.99498302147778,1.67515331906667,10.3832111274111,"matched"
"MLD_267",9.625,9.945,63.15,2,3.872068204525,12.201542663625,71.3242026647083,4,-5.752931795475,2.256542663625,8.17420266470832,"matched"
"MLD_268",9.325,10.465,62.555,2,4.60618728404167,12.2087624470417,70.95671145125,4,-4.71881271595833,1.74376244704165,8.40171145125,"matched"
"MLD_269",9.82,9.955,61.98,2,4.00818404160833,12.3741510230917,70.270750427225,4,-5.81181595839167,2.41915102309167,8.29075042722502,"matched"
"MLD_270",10.335,9.865,61.715,2,3.903976619225,12.8288244009583,70.6252077102417,4,-6.431023380775,2.96382440095833,8.91020771024165,"matched"
"MLD_271",10.22,9.765,63.73,2,3.96618222671111,13.1417269601,70.6853634305,4,-6.25381777328889,3.3767269601,6.9553634305,"matched"
"MLD_274",9.8,9.99,63.785,2,3.90503048367778,11.7619105868889,71.3446137322,4,-5.89496951632222,1.7719105868889,7.5596137322,"matched"
"MLD_275",9.525,11.015,61.6,2,3.96691508083333,11.9311549265833,71.162788709,4,-5.55808491916667,0.916154926583324,9.56278870900002,"matched"
"MLD_276",10.46,9.235,62.015,2,3.93487177295833,11.2612474997917,71.2202138900833,4,-6.52512822704167,2.02624749979165,9.20521389008333,"matched"
"MLD_277",9.65,9.355,62.645,2,3.77450946168334,12.04577930765,71.5183293025083,4,-5.87549053831666,2.69077930765,8.87332930250833,"matched"
"MLD_278",10.395,10.085,61.07,2,4.09041645725833,12.7968415895417,71.1103507995333,4,-6.30458354274167,2.71184158954167,10.0403507995333,"matched"
"MLD_279",10.945,8.74,65.84,2,4.72021888491667,11.127367989225,71.3464568455417,4,-6.22478111508333,2.387367989225,5.50645684554168,"matched"
"MLD_280",9.23,9.935,62.81,2,4.841968608,11.0446192026583,70.7501401266083,4,-4.388031392,1.10961920265832,7.94014012660833,"matched"
"MLD_281",10.4,8.975,63.63,2,4.14825154333333,12.3180304367917,71.5090951918334,4,-6.25174845666666,3.34303043679165,7.87909519183336,"matched"
"MLD_282",9.93,8.915,63.56,2,3.84648261070833,11.1613347371334,71.9342179616,4,-6.08351738929167,2.24633473713335,8.37421796159997,"matched"
"MLD_283",9.775,9.675,60.17,2,3.87160444256667,11.4693128823917,71.7089824041583,4,-5.90339555743333,1.79431288239167,11.5389824041583,"matched"
"MLD_284",9.485,10.77,63.7,2,4.68457293113333,11.867008368175,70.518871688925,4,-4.80042706886667,1.097008368175,6.818871688925,"matched"
"MLD_286",9.47,10.65,63.89,2,4.19232820670833,12.7189267715833,70.8432526269917,4,-5.27767179329166,2.06892677158332,6.95325262699167,"matched"
"MLD_287",10.355,8.895,63.545,2,4.20102831720833,11.7426028649584,70.9972038269167,4,-6.15397168279167,2.84760286495835,7.45220382691667,"matched"
"MLD_288",10.12,10.505,62.2,2,4.19344331820833,12.250866373375,70.492657979375,4,-5.92655668179167,1.745866373375,8.29265797937497,"matched"
"MLD_289",10.51,7.66,62.92,2,4.13344401321666,11.3268405040583,71.2950986862,4,-6.37655598678333,3.66684050405835,8.37509868619999,"matched"
"MLD_290",10.72,10.45,62.62,2,4.51190898820833,12.7526408433333,70.2005084355416,4,-6.20809101179167,2.30264084333333,7.58050843554165,"matched"
"MLD_291",10.185,10.33,63.305,2,4.61253519588889,12.7027223904111,70.3326551648778,4,-5.57246480411111,2.3727223904111,7.02765516487776,"matched"
"MLD_292",9.33,9.59,61.475,2,4.09669695301667,11.466625666675,70.9866228104917,4,-5.23330304698333,1.876625666675,9.51162281049169,"matched"
"MLD_293",10.245,9.965,64.065,2,4.505890270125,11.79964167275,71.1062168757417,4,-5.739109729875,1.83464167275,7.04121687574168,"matched"
"MLD_294",10.245,11.08,60.885,2,3.75375167526667,12.3032894769333,71.7484303792667,4,-6.49124832473333,1.22328947693333,10.8634303792667,"matched"
"MLD_295",10.525,10.165,61.83,2,4.09976774063334,12.5554987668833,70.4871518452917,4,-6.42523225936667,2.39049876688335,8.65715184529168,"matched"
"MLD_296",9.365,10.38,61.92,2,3.89631115405833,11.935908889825,71.8264602025083,4,-5.46868884594167,1.55590888982503,9.90646020250831,"matched"
"MLD_297",9.345,10.305,61.3,2,5.01380348731111,12.2367407905444,69.8584556578889,4,-4.33119651268889,1.93174079054443,8.55845565788887,"matched"
"MLD_298",9.755,9.95,62.075,2,4.09908053283333,12.254552165625,70.900785128125,4,-5.65591946716667,2.304552165625,8.82578512812499,"matched"
"MLD_299",10.115,8.75,63.69,2,4.084623485875,12.0446794827083,70.99508063,4,-6.030376514125,3.29467948270833,7.30508063000001,"matched"
"MLD_300",9.365,10.4,63.15,2,4.28973404570834,12.8550091981667,70.5359064737916,4,-5.07526595429167,2.45500919816668,7.38590647379164,"matched"
"MLD_301",10.705,9.445,62.17,2,4.06170546016667,12.1436329682083,71.2268489202084,4,-6.64329453983333,2.69863296820832,9.05684892020835,"matched"
"MLD_302",9.645,9.46,64.2,2,3.92852417623333,11.6558329343,71.5168205261667,4,-5.71647582376667,2.1958329343,7.31682052616667,"matched"
"MLD_303",10.105,10.005,62.335,2,4.17930338183333,11.7418796539,71.3867420831417,4,-5.92569661816667,1.7368796539,9.05174208314168,"matched"
"MLD_304",10.21,8.88,63.4,2,4.41844566666667,10.7437286774583,71.7688633600833,4,-5.79155433333333,1.86372867745834,8.36886336008332,"matched"
"MLD_305",9.555,10.04,61.905,2,4.71844370368333,12.0218023142,70.5187332153916,4,-4.83655629631667,1.9818023142,8.61373321539165,"matched"
"MLD_306",10.26,9.46,61.8,2,4.18643964320833,12.0338852802917,70.7027320861666,4,-6.07356035679167,2.57388528029167,8.90273208616665,"matched"
"MLD_307",10.07,10.175,63.405,2,4.35603032653333,11.1297875509667,71.3584916856889,4,-5.71396967346667,0.954787550966666,7.95349168568886,"matched"
"MLD_308",9.36,9.895,62.66,2,4.07971807325,12.741142392125,70.9290361404583,4,-5.28028192675,2.846142392125,8.26903614045833,"matched"
"MLD_309",10.505,9.005,63.355,2,4.14144953481667,12.1189089615417,71.1876010895167,4,-6.36355046518333,3.11390896154168,7.83260108951667,"matched"
"MLD_310",10.405,9.89,63.15,2,4.14325773716667,13.4432831341111,71.0946061875,4,-6.26174226283333,3.5532831341111,7.94460618750001,"matched"
"MLD_311",10.67,10.18,61.19,2,3.72150654591666,12.6485519010833,70.815860430375,4,-6.94849345408334,2.46855190108335,9.625860430375,"matched"
"MLD_312",10.265,7.795,63.795,2,4.15256807195833,11.927207311,70.7878430685,4,-6.11243192804167,4.132207311,6.99284306849999,"matched"
"MLD_313",10.515,10.675,62.315,2,4.81968046416667,13.2473486821083,70.1178489048167,4,-5.69531953583333,2.57234868210835,7.80284890481667,"matched"
"MLD_314",9.485,10.035,63.585,2,4.00795422995833,13.14314925675,71.3751977285417,4,-5.47704577004166,3.10814925675,7.79019772854168,"matched"
"MLD_315",10.23,8.34,63.095,2,4.88181491691667,11.48616512625,70.8089332579583,4,-5.34818508308333,3.14616512624998,7.71393325795835,"matched"
"MLD_316",9.475,10.745,62.395,2,5.13785960279167,12.3713409503333,69.6688655217084,4,-4.33714039720834,1.62634095033332,7.27386552170835,"matched"
"MLD_317",10.895,9.615,62.63,2,5.040161013625,12.0368696847917,70.4611698787083,4,-5.854838986375,2.42186968479165,7.83116987870834,"matched"
"MLD_318",9.395,10.105,62.99,2,5.43147180475,12.2679752509167,69.65447616575,4,-3.96352819525,2.16297525091668,6.66447616575,"matched"
"MLD_319",10.59,9.63,62.34,2,4.1533126155,12.1706691821833,71.0711668649666,4,-6.4366873845,2.54066918218335,8.73116686496664,"matched"
"MLD_320",9.615,10.215,62.84,2,4.374015287475,12.5730987310083,70.9160416922917,4,-5.240984712525,2.35809873100833,8.07604169229167,"matched"
"MLD_321",10.905,9.415,61.705,2,3.85935321843333,11.9309691904917,71.8554023743083,4,-7.04564678156667,2.51596919049168,10.1504023743083,"matched"
"MLD_322",9.095,10.325,62.66,2,4.85842090053333,12.7565670094166,69.7917615254917,4,-4.23657909946667,2.43156700941665,7.13176152549168,"matched"
"MLD_323",8.81,11.535,62.995,2,4.2281067073,13.6304806948583,70.2537486394833,4,-4.5818932927,2.09548069485835,7.25874863948331,"matched"
"MLD_324",9.295,10.15,62.96,2,4.92096379605,13.0780610878667,70.21461906435,3,-4.37403620395,2.92806108786665,7.25461906434999,"matched"
"MLD_325",10.82,9.22,63.005,2,4.31195726661111,12.6764356294444,70.3043920729444,4,-6.50804273338889,3.45643562944444,7.29939207294444,"matched"
"MLD_326",9.555,10.61,62.995,2,4.63556466495834,12.0069648425417,70.169844627375,4,-4.91943533504166,1.39696484254168,7.17484462737499,"matched"
"MLD_327",10.78,9.795,62.19,2,4.6977258125,11.3311816850833,71.083091417875,4,-6.0822741875,1.5361816850833,8.893091417875,"matched"
"MLD_328",10.14,9.13,62.79,2,4.520402004375,11.7410947482083,70.8855756124167,4,-5.619597995625,2.61109474820833,8.09557561241666,"matched"
"MLD_329",9.555,9.16,64.615,2,3.73816192155556,10.7760663032778,71.6735602484445,4,-5.81683807844444,1.61606630327779,7.05856024844446,"matched"
"MLD_331",10.925,9.365,63.77,2,3.75579579670833,12.3868172169167,71.50755691525,4,-7.16920420329167,3.02181721691668,7.73755691525002,"matched"
"MLD_332",9.76,8.91,64.595,2,4.71858177985833,11.247809799575,71.6669642767084,4,-5.04141822014167,2.337809799575,7.07196427670836,"matched"
"MLD_333",9.87,9.835,62.79,2,4.25251581270833,12.1384756565417,71.9630301794167,4,-5.61748418729167,2.30347565654165,9.17303017941668,"matched"
"MLD_334",10.44,10.46,63.98,2,4.01247151694445,12.049243821,71.2987225849444,4,-6.42752848305555,1.589243821,7.31872258494443,"matched"
"MLD_335",9.62,9.21,64.4,2,4.7547406885,12.4432828690555,70.4071061875,4,-4.8652593115,3.23328286905553,6.0071061875,"matched"
"MLD_336",10.715,8.75,64.775,2,3.84064256745833,11.5903082449833,71.5840974806833,4,-6.87435743254167,2.84030824498332,6.80909748068332,"matched"
"MLD_337",9.39,10.675,62.895,2,5.1810331345,11.168262243375,70.640663464875,4,-4.2089668655,0.493262243375,7.74566346487502,"matched"
"MLD_C001",11.165,7.8,64.57,2,4.05151209322121,10.363133485397,72.1131015661939,12,-7.11348790677879,2.56313348539697,7.54310156619394,"matched"
"MLD_C002",8.865,9.445,63.075,2,4.39683099791389,11.3798815117972,71.5280243555806,12,-4.46816900208611,1.93488151179722,8.45302435558055,"matched"
"MLD_C003",10.885,8.92,63.435,2,3.90512558826667,8.95762465009167,72.846313667275,4,-6.97987441173333,0.0376246500916668,9.411313667275,"matched"
"MLD_C004",9.26,8.165,64.07,2,4.15849923499167,9.3402538379,72.004749107425,4,-5.10150076500833,1.1752538379,7.93474910742499,"matched"
"MLD_C005",9.295,8.57,63.53,2,3.821858515375,9.20016199354166,73.052404085875,4,-5.473141484625,0.630161993541657,9.52240408587502,"matched"
"MLD_C006",10.44,7.03,65.025,2,3.60597707829167,8.96794064833333,73.6629292170417,4,-6.83402292170833,1.93794064833333,8.63792921704167,"matched"
"MLD_C007",8.795,8.925,61.755,2,4.403592358,10.196449796375,71.5753609339584,4,-4.391407642,1.27144979637499,9.82036093395836,"matched"
"MLD_C008",10.335,7.12,63.9,2,3.79392056666667,8.701989154,73.4870541890417,4,-6.54107943333334,1.581989154,9.58705418904167,"matched"
"MLD_C009",,,,,3.8491547602086,8.85716761513549,73.1275679721333,32,,,,"only_in_data"
